name,alias,priority,radioDisplayName,team,radioIntercept,vduVideo,dialogue,bucket
"Host_Arenas_MatchStart_08","diag_mp_ashNotify_arenas_matchStart_08_01_3p",0,"#HOST_ARENAS","TEAM_MILITIA",false,"","Updated Match Start Line S25","MATCH_INTRO"
"Host_Arenas_MatchStart_09","diag_mp_ashNotify_arenas_matchStart_09_01_3p",0,"#HOST_ARENAS","TEAM_MILITIA",false,"","Updated Match Start Line S25","MATCH_INTRO"
"Host_Arenas_MatchStart_10","diag_mp_ashNotify_arenas_matchStart_10_01_3p",0,"#HOST_ARENAS","TEAM_MILITIA",false,"","Updated Match Start Line S25","MATCH_INTRO"
"Host_Arenas_MatchStart_11","diag_mp_ashNotify_arenas_matchStart_11_01_3p",0,"#HOST_ARENAS","TEAM_MILITIA",false,"","Updated Match Start Line S25","MATCH_INTRO"
"Host_Arenas_MatchStart_12","diag_mp_ashNotify_arenas_matchStart_12_01_3p",0,"#HOST_ARENAS","TEAM_MILITIA",false,"","Updated Match Start Line S25","MATCH_INTRO"
"Host_Arenas_MatchStart_13","diag_mp_ashNotify_arenas_matchStart_13_01_3p",0,"#HOST_ARENAS","TEAM_MILITIA",false,"","Updated Match Start Line S25","MATCH_INTRO"
"Host_Arenas_RoundPrepare_01","diag_mp_ashNotify_arenas_roundPrepare_01_01_3p",0,"#HOST_ARENAS","TEAM_MILITIA",false,"","Begin round preparations.","ROUND_PREPARE"
"Host_Arenas_RoundPrepare_01_02","diag_mp_ashNotify_arenas_roundPrepare_01_02_3p",0,"#HOST_ARENAS","TEAM_MILITIA",false,"","Begin round preparations.","ROUND_PREPARE"
"Host_Arenas_RoundPrepare_02","diag_mp_ashNotify_arenas_roundPrepare_02_01_3p",0,"#HOST_ARENAS","TEAM_MILITIA",false,"","Arm yourselves.","ROUND_PREPARE"
"Host_Arenas_RoundPrepare_02_02","diag_mp_ashNotify_arenas_roundPrepare_02_02_3p",0,"#HOST_ARENAS","TEAM_MILITIA",false,"","Arm yourselves.","ROUND_PREPARE"
"Host_Arenas_RoundPrepare_03","diag_mp_ashNotify_arenas_roundPrepare_03_01_3p",0,"#HOST_ARENAS","TEAM_MILITIA",false,"","Ready up. Don't let them get the jump on you.","ROUND_PREPARE"
"Host_Arenas_RoundPrepare_03_02","diag_mp_ashNotify_arenas_roundPrepare_03_02_3p",0,"#HOST_ARENAS","TEAM_MILITIA",false,"","Ready up. Don't let them get the jump on you.","ROUND_PREPARE"
"Host_Arenas_RoundPrepare_04","diag_mp_ashNotify_arenas_roundPrepare_04_01_3p",0,"#HOST_ARENAS","TEAM_MILITIA",false,"","Prepare for the next round. Your opponents will.","ROUND_PREPARE"
"Host_Arenas_RoundPrepare_04_02","diag_mp_ashNotify_arenas_roundPrepare_04_02_3p",0,"#HOST_ARENAS","TEAM_MILITIA",false,"","Prepare for the next round. Your opponents will.","ROUND_PREPARE"
"Host_Arenas_RoundPrepare_05","diag_mp_ashNotify_arenas_roundPrepare_05_01_3p",0,"#HOST_ARENAS","TEAM_MILITIA",false,"","Prepare or die.","ROUND_PREPARE"
"Host_Arenas_RoundPrepare_05_02","diag_mp_ashNotify_arenas_roundPrepare_05_02_3p",0,"#HOST_ARENAS","TEAM_MILITIA",false,"","Prepare or die.","ROUND_PREPARE"
"Host_Arenas_RoundPrepare_05_03","diag_mp_ashNotify_arenas_roundPrepare_05_03_3p",0,"#HOST_ARENAS","TEAM_MILITIA",false,"","Prepare or die.","ROUND_PREPARE"
"Host_Arenas_RoundPrepare_06_01","diag_mp_ashNotify_arenas_roundPrepare_06_01_3p",0,"#HOST_ARENAS","TEAM_MILITIA",false,"","Always be prepared. Never let your guard down.","ROUND_PREPARE"
"Host_Arenas_RoundPrepare_06_02","diag_mp_ashNotify_arenas_roundPrepare_06_02_3p",0,"#HOST_ARENAS","TEAM_MILITIA",false,"","Always be prepared. Never let your guard down.","ROUND_PREPARE"
"Host_Arenas_RoundPrepare_07_01","diag_mp_ashNotify_arenas_roundPrepare_07_01_3p",0,"#HOST_ARENAS","TEAM_MILITIA",false,"","The victorious fighter is well-prepared.","ROUND_PREPARE"
"Host_Arenas_RoundPrepare_08_01","diag_mp_ashNotify_arenas_roundPrepare_08_01_3p",0,"#HOST_ARENAS","TEAM_MILITIA",false,"","Prepare well if you wish to survive.","ROUND_PREPARE"
"Host_Arenas_RoundPrepare_09_01","diag_mp_ashNotify_arenas_roundPrepare_09_01_3p",0,"#HOST_ARENAS","TEAM_MILITIA",false,"","Prepare for victory. Prepare for anything.","ROUND_PREPARE"
"Host_Arenas_RoundPrepare_09_02","diag_mp_ashNotify_arenas_roundPrepare_09_02_3p",0,"#HOST_ARENAS","TEAM_MILITIA",false,"","Prepare for victory. Prepare for anything.","ROUND_PREPARE"
"Host_Arenas_RoundPrepare_10_01","diag_mp_ashNotify_arenas_roundPrepare_10_01_3p",0,"#HOST_ARENAS","TEAM_MILITIA",false,"","Do not let them catch you unprepared.","ROUND_PREPARE"
"Host_Arenas_RoundPrepare_10_02","diag_mp_ashNotify_arenas_roundPrepare_10_02_3p",0,"#HOST_ARENAS","TEAM_MILITIA",false,"","Do not let them catch you unprepared.","ROUND_PREPARE"
"Host_Arenas_WinnerFound_14","diag_mp_ashNotify_arenas_winnerFound_14_01_3p",10,"#HOST_ARENAS","TEAM_MILITIA",false,"","New Winner Determined Lines replacing the old on S25.0","WINNER"
"Host_Arenas_WinnerFound_15","diag_mp_ashNotify_arenas_winnerFound_15_01_3p",10,"#HOST_ARENAS","TEAM_MILITIA",false,"","New Winner Determined Lines replacing the old on S25.0","WINNER"
"Host_Arenas_WinnerFound_16","diag_mp_ashNotify_arenas_winnerFound_16_01_3p",10,"#HOST_ARENAS","TEAM_MILITIA",false,"","New Winner Determined Lines replacing the old on S25.0","WINNER"
"Host_Arenas_WinnerFound_17","diag_mp_ashNotify_arenas_winnerFound_17_01_3p",10,"#HOST_ARENAS","TEAM_MILITIA",false,"","New Winner Determined Lines replacing the old on S25.0","WINNER"
"Host_Arenas_WinnerFound_18","diag_mp_ashNotify_arenas_winnerFound_18_01_3p",10,"#HOST_ARENAS","TEAM_MILITIA",false,"","New Winner Determined Lines replacing the old on S25.0","WINNER"
"Host_Arenas_WinnerFound_19","diag_mp_ashNotify_arenas_winnerFound_19_01_3p",10,"#HOST_ARENAS","TEAM_MILITIA",false,"","New Winner Determined Lines replacing the old on S25.0","WINNER"
"Host_Arenas_WinnerFound_20","diag_mp_ashNotify_arenas_winnerFound_20_01_3p",10,"#HOST_ARENAS","TEAM_MILITIA",false,"","New Winner Determined Lines replacing the old on S25.0","WINNER"
"Host_Arenas_WinnerFound_21","diag_mp_ashNotify_arenas_winnerFound_21_01_3p",10,"#HOST_ARENAS","TEAM_MILITIA",false,"","New Winner Determined Lines replacing the old on S25.0","WINNER"
"Host_Arenas_WinnerFoundHorizon_01","diag_mp_ashNotify_arenas_winnerFoundHorizon_01_01_3p",10,"#HOST_ARENAS","TEAM_MILITIA",false,"","We have a winner. Fascinating. Your skills are otherworldly.","WINNER_HAS_HORIZON"
"Host_Arenas_WinnerFoundHorizon_01_02","diag_mp_ashNotify_arenas_winnerFoundHorizon_01_02_3p",10,"#HOST_ARENAS","TEAM_MILITIA",false,"","We have a winner. Fascinating. Your skills are otherworldly.","WINNER_HAS_HORIZON"
"Host_Arenas_WinnerFoundHorizon_02","diag_mp_ashNotify_arenas_winnerFoundHorizon_02_01_3p",10,"#HOST_ARENAS","TEAM_MILITIA",false,"","You are the winners. It seems field work suits you.","WINNER_HAS_HORIZON"
"Host_Arenas_WinnerFoundHorizon_02_02","diag_mp_ashNotify_arenas_winnerFoundHorizon_02_02_3p",10,"#HOST_ARENAS","TEAM_MILITIA",false,"","You are the winners. It seems field work suits you.","WINNER_HAS_HORIZON"
"Host_Arenas_WinnerFoundHorizon_03","diag_mp_ashNotify_arenas_winnerFoundHorizon_03_01_3p",10,"#HOST_ARENAS","TEAM_MILITIA",false,"","You've won. I wonder if you can reproduce these results.","WINNER_HAS_HORIZON"
"Host_Arenas_WinnerFoundHorizon_03_02","diag_mp_ashNotify_arenas_winnerFoundHorizon_03_02_3p",10,"#HOST_ARENAS","TEAM_MILITIA",false,"","You've won. I wonder if you can reproduce these results.","WINNER_HAS_HORIZON"
"Host_Arenas_WinnerFoundHorizon_03_03","diag_mp_ashNotify_arenas_winnerFoundHorizon_03_03_3p",10,"#HOST_ARENAS","TEAM_MILITIA",false,"","You've won. I wonder if you can reproduce these results.","WINNER_HAS_HORIZON"
"Host_Arenas_Round1_01","diag_mp_ashNotify_arenas_round01_01_01_3p",0,"#HOST_ARENAS","TEAM_MILITIA",false,"","Round 1.","ROUND1"
"Host_Arenas_Round1_01_02","diag_mp_ashNotify_arenas_round01_01_02_3p",0,"#HOST_ARENAS","TEAM_MILITIA",false,"","Round 1.","ROUND1"
"Host_Arenas_Round1_01_03","diag_mp_ashNotify_arenas_round01_01_03_3p",0,"#HOST_ARENAS","TEAM_MILITIA",false,"","Round 1.","ROUND1"
"Host_Arenas_Round1_02","diag_mp_ashNotify_arenas_round01_02_01_3p",0,"#HOST_ARENAS","TEAM_MILITIA",false,"","Round 1. Fight.","ROUND1"
"Host_Arenas_Round1_02_02","diag_mp_ashNotify_arenas_round01_02_02_3p",0,"#HOST_ARENAS","TEAM_MILITIA",false,"","Round 1. Fight.","ROUND1"
"Host_Arenas_Round1_03_01","diag_mp_ashNotify_arenas_round01_03_01_3p",0,"#HOST_ARENAS","TEAM_MILITIA",false,"","Round 1. Achieve victory at all costs.","ROUND1"
"Host_Arenas_Round1_03_02","diag_mp_ashNotify_arenas_round01_03_02_3p",0,"#HOST_ARENAS","TEAM_MILITIA",false,"","Round 1. Achieve victory at all costs.","ROUND1"
"Host_Arenas_Round1_05_01","diag_mp_ashNotify_arenas_round01_05_01_3p",0,"#HOST_ARENAS","TEAM_MILITIA",false,"","Round 1. Your goal is simple: win.","ROUND1"
"Host_Arenas_Round1_05_02","diag_mp_ashNotify_arenas_round01_05_02_3p",0,"#HOST_ARENAS","TEAM_MILITIA",false,"","Round 1. Your goal is simple: win.","ROUND1"
"Host_Arenas_Round1_06_01","diag_mp_ashNotify_arenas_round01_06_01_3p",0,"#HOST_ARENAS","TEAM_MILITIA",false,"","Round 1. So much potential.","ROUND1"
"Host_Arenas_Round1_06_02","diag_mp_ashNotify_arenas_round01_06_02_3p",0,"#HOST_ARENAS","TEAM_MILITIA",false,"","Round 1. So much potential.","ROUND1"
"Host_Arenas_Round2_01","diag_mp_ashNotify_arenas_round02_01_01_3p",0,"#HOST_ARENAS","TEAM_MILITIA",false,"","Round 2.","ROUND2"
"Host_Arenas_Round2_01_02","diag_mp_ashNotify_arenas_round02_01_02_3p",0,"#HOST_ARENAS","TEAM_MILITIA",false,"","Round 2.","ROUND2"
"Host_Arenas_Round2_02","diag_mp_ashNotify_arenas_round02_02_01_3p",0,"#HOST_ARENAS","TEAM_MILITIA",false,"","Round 2. Do not bore me.","ROUND2"
"Host_Arenas_Round2_02_02","diag_mp_ashNotify_arenas_round02_02_02_3p",0,"#HOST_ARENAS","TEAM_MILITIA",false,"","Round 2. Do not falter.","ROUND2"
"Host_Arenas_Round2_03_01","diag_mp_ashNotify_arenas_round02_03_01_3p",0,"#HOST_ARENAS","TEAM_MILITIA",false,"","Round 2. You have your targets.","ROUND2"
"Host_Arenas_Round2_03_02","diag_mp_ashNotify_arenas_round02_03_02_3p",0,"#HOST_ARENAS","TEAM_MILITIA",false,"","Round 2. You have your targets.","ROUND2"
"Host_Arenas_Round2_04_01","diag_mp_ashNotify_arenas_round02_04_01_3p",0,"#HOST_ARENAS","TEAM_MILITIA",false,"","Round 2. I hope you have discerned their weaknesses.","ROUND2"
"Host_Arenas_Round2_04_02","diag_mp_ashNotify_arenas_round02_04_02_3p",0,"#HOST_ARENAS","TEAM_MILITIA",false,"","Round 2. I hope you have discerned their weaknesses.","ROUND2"
"Host_Arenas_Round2_05_01","diag_mp_ashNotify_arenas_round02_05_01_3p",0,"#HOST_ARENAS","TEAM_MILITIA",false,"","Round 2. Kill your marks.","ROUND2"
"Host_Arenas_Round2_05_02","diag_mp_ashNotify_arenas_round02_05_02_3p",0,"#HOST_ARENAS","TEAM_MILITIA",false,"","Round 2. Kill your marks.","ROUND2"
"Host_Arenas_Round3_01","diag_mp_ashNotify_arenas_round03_01_01_3p",0,"#HOST_ARENAS","TEAM_MILITIA",false,"","Round 3.","ROUND3"
"Host_Arenas_Round3_01_02","diag_mp_ashNotify_arenas_round03_01_02_3p",0,"#HOST_ARENAS","TEAM_MILITIA",false,"","Round 3.","ROUND3"
"Host_Arenas_Round3_02","diag_mp_ashNotify_arenas_round03_02_01_3p",0,"#HOST_ARENAS","TEAM_MILITIA",false,"","Round 3. Be glad you don't have to fight a real battle.","ROUND3"
"Host_Arenas_Round3_02_02","diag_mp_ashNotify_arenas_round03_02_02_3p",0,"#HOST_ARENAS","TEAM_MILITIA",false,"","Round 3. Expose their imperfections.","ROUND3"
"Host_Arenas_Round3_04_01","diag_mp_ashNotify_arenas_round03_04_01_3p",0,"#HOST_ARENAS","TEAM_MILITIA",false,"","Round 3. Do not relent.","ROUND3"
"Host_Arenas_Round3_04_02","diag_mp_ashNotify_arenas_round03_04_02_3p",0,"#HOST_ARENAS","TEAM_MILITIA",false,"","Round 3. Do not relent.","ROUND3"
"Host_Arenas_Round3_05_01","diag_mp_ashNotify_arenas_round03_05_01_3p",0,"#HOST_ARENAS","TEAM_MILITIA",false,"","Round 3. Remain vigilant.","ROUND3"
"Host_Arenas_Round3_05_02","diag_mp_ashNotify_arenas_round03_05_02_3p",0,"#HOST_ARENAS","TEAM_MILITIA",false,"","Round 3. Remain vigilant.","ROUND3"
"Host_Arenas_Round3_06_01","diag_mp_ashNotify_arenas_round03_06_01_3p",0,"#HOST_ARENAS","TEAM_MILITIA",false,"","Round 3. Do you believe you know how this will end?","ROUND3"
"Host_Arenas_Round3_06_02","diag_mp_ashNotify_arenas_round03_06_02_3p",0,"#HOST_ARENAS","TEAM_MILITIA",false,"","Round 3. Do you believe you know how this will end?","ROUND3"
"Host_Arenas_Round4_01","diag_mp_ashNotify_arenas_round04_01_01_3p",0,"#HOST_ARENAS","TEAM_MILITIA",false,"","Round 4.","ROUND4"
"Host_Arenas_Round4_01_02","diag_mp_ashNotify_arenas_round04_01_02_3p",0,"#HOST_ARENAS","TEAM_MILITIA",false,"","Round 4.","ROUND4"
"Host_Arenas_Round4_03_01","diag_mp_ashNotify_arenas_round04_03_01_3p",0,"#HOST_ARENAS","TEAM_MILITIA",false,"","Round 4. The result is not yet certain.","ROUND4"
"Host_Arenas_Round4_03_02","diag_mp_ashNotify_arenas_round04_03_02_3p",0,"#HOST_ARENAS","TEAM_MILITIA",false,"","Round 4. The result is not yet certain.","ROUND4"
"Host_Arenas_Round4_03_03","diag_mp_ashNotify_arenas_round04_03_03_3p",0,"#HOST_ARENAS","TEAM_MILITIA",false,"","Round 4. The result is not yet certain.","ROUND4"
"Host_Arenas_Round4_04_01","diag_mp_ashNotify_arenas_round04_04_01_3p",0,"#HOST_ARENAS","TEAM_MILITIA",false,"","Round 4. Push forward.","ROUND4"
"Host_Arenas_Round4_04_02","diag_mp_ashNotify_arenas_round04_04_02_3p",0,"#HOST_ARENAS","TEAM_MILITIA",false,"","Round 4. Push forward.","ROUND4"
"Host_Arenas_Round4_05_01","diag_mp_ashNotify_arenas_round04_05_01_3p",0,"#HOST_ARENAS","TEAM_MILITIA",false,"","Round 4. Do not hesitate.","ROUND4"
"Host_Arenas_Round4_05_02","diag_mp_ashNotify_arenas_round04_05_02_3p",0,"#HOST_ARENAS","TEAM_MILITIA",false,"","Round 4. Do not hesitate.","ROUND4"
"Host_Arenas_Round4_06_01","diag_mp_ashNotify_arenas_round04_06_01_3p",0,"#HOST_ARENAS","TEAM_MILITIA",false,"","Round 4. Maintain your strength.","ROUND4"
"Host_Arenas_Round4_06_02","diag_mp_ashNotify_arenas_round04_06_02_3p",0,"#HOST_ARENAS","TEAM_MILITIA",false,"","Round 4. Maintain your strength.","ROUND4"
"Host_Arenas_Round5_01","diag_mp_ashNotify_arenas_round05_01_01_3p",0,"#HOST_ARENAS","TEAM_MILITIA",false,"","Round 5.","ROUND5"
"Host_Arenas_Round5_01_02","diag_mp_ashNotify_arenas_round05_01_02_3p",0,"#HOST_ARENAS","TEAM_MILITIA",false,"","Round 5.","ROUND5"
"Host_Arenas_Round5_01_03","diag_mp_ashNotify_arenas_round05_01_03_3p",0,"#HOST_ARENAS","TEAM_MILITIA",false,"","Round 5.","ROUND5"
"Host_Arenas_Round5_02","diag_mp_ashNotify_arenas_round05_02_01_3p",0,"#HOST_ARENAS","TEAM_MILITIA",false,"","Round 5. I'm beginning to enjoy this.","ROUND5"
"Host_Arenas_Round5_02_02","diag_mp_ashNotify_arenas_round05_02_02_3p",0,"#HOST_ARENAS","TEAM_MILITIA",false,"","Round 5. You do not fall easily. Good.","ROUND5"
"Host_Arenas_Round5_04_01","diag_mp_ashNotify_arenas_round05_04_01_3p",0,"#HOST_ARENAS","TEAM_MILITIA",false,"","Round 5. Victory beckons. For some of you.","ROUND5"
"Host_Arenas_Round5_04_02","diag_mp_ashNotify_arenas_round05_04_02_3p",0,"#HOST_ARENAS","TEAM_MILITIA",false,"","Round 5. Victory beckons. For some of you.","ROUND5"
"Host_Arenas_Round5_05_01","diag_mp_ashNotify_arenas_round05_05_01_3p",0,"#HOST_ARENAS","TEAM_MILITIA",false,"","Round 5. Do not let them break you.","ROUND5"
"Host_Arenas_Round5_05_02","diag_mp_ashNotify_arenas_round05_05_02_3p",0,"#HOST_ARENAS","TEAM_MILITIA",false,"","Round 5. Do not let them break you.","ROUND5"
"Host_Arenas_Round5_06_01","diag_mp_ashNotify_arenas_round05_06_01_3p",0,"#HOST_ARENAS","TEAM_MILITIA",false,"","Round 5. You all have some fight in you.","ROUND5"
"Host_Arenas_Round6_01","diag_mp_ashNotify_arenas_round06_01_01_3p",0,"#HOST_ARENAS","TEAM_MILITIA",false,"","Round 6.","ROUND6"
"Host_Arenas_Round6_01_02","diag_mp_ashNotify_arenas_round06_01_02_3p",0,"#HOST_ARENAS","TEAM_MILITIA",false,"","Round 6.","ROUND6"
"Host_Arenas_Round6_02","diag_mp_ashNotify_arenas_round06_02_01_3p",0,"#HOST_ARENAS","TEAM_MILITIA",false,"","Round 6. Push harder.","ROUND6"
"Host_Arenas_Round6_02_02","diag_mp_ashNotify_arenas_round06_02_02_3p",0,"#HOST_ARENAS","TEAM_MILITIA",false,"","Round 6. Earn your reward.","ROUND6"
"Host_Arenas_Round6_03_01","diag_mp_ashNotify_arenas_round06_03_01_3p",0,"#HOST_ARENAS","TEAM_MILITIA",false,"","Round 6. Your enemy does not succumb easily.","ROUND6"
"Host_Arenas_Round6_03_02","diag_mp_ashNotify_arenas_round06_03_02_3p",0,"#HOST_ARENAS","TEAM_MILITIA",false,"","Round 6. Your enemy does not succumb easily.","ROUND6"
"Host_Arenas_Round6_04_01","diag_mp_ashNotify_arenas_round06_04_01_3p",0,"#HOST_ARENAS","TEAM_MILITIA",false,"","Round 6. Do not hold back.","ROUND6"
"Host_Arenas_Round6_04_02","diag_mp_ashNotify_arenas_round06_04_02_3p",0,"#HOST_ARENAS","TEAM_MILITIA",false,"","Round 6. Do not hold back.","ROUND6"
"Host_Arenas_Round6_05_01","diag_mp_ashNotify_arenas_round06_05_01_3p",0,"#HOST_ARENAS","TEAM_MILITIA",false,"","Round 6. I enjoy a close fight.","ROUND6"
"Host_Arenas_Round6_05_02","diag_mp_ashNotify_arenas_round06_05_02_3p",0,"#HOST_ARENAS","TEAM_MILITIA",false,"","Round 6. I enjoy a close fight.","ROUND6"
"Host_Arenas_Round7_01","diag_mp_ashNotify_arenas_round07_01_01_3p",0,"#HOST_ARENAS","TEAM_MILITIA",false,"","Round 7.","ROUND7"
"Host_Arenas_Round7_01_02","diag_mp_ashNotify_arenas_round07_01_02_3p",0,"#HOST_ARENAS","TEAM_MILITIA",false,"","Round 7.","ROUND7"
"Host_Arenas_Round7_01_03","diag_mp_ashNotify_arenas_round07_01_03_3p",0,"#HOST_ARENAS","TEAM_MILITIA",false,"","Round 7.","ROUND7"
"Host_Arenas_Round7_02","diag_mp_ashNotify_arenas_round07_02_01_3p",0,"#HOST_ARENAS","TEAM_MILITIA",false,"","Round 7. Expose their imperfections.","ROUND7"
"Host_Arenas_Round7_02_02","diag_mp_ashNotify_arenas_round07_02_02_3p",0,"#HOST_ARENAS","TEAM_MILITIA",false,"","Round 7. This is not over yet.","ROUND7"
"Host_Arenas_Round8_01","diag_mp_ashNotify_arenas_round08_01_01_3p",0,"#HOST_ARENAS","TEAM_MILITIA",false,"","Round 8.","ROUND8"
"Host_Arenas_Round8_01_02","diag_mp_ashNotify_arenas_round08_01_02_3p",0,"#HOST_ARENAS","TEAM_MILITIA",false,"","Round 8.","ROUND8"
"Host_Arenas_Round8_02","diag_mp_ashNotify_arenas_round08_02_01_3p",0,"#HOST_ARENAS","TEAM_MILITIA",false,"","Round 8. One slip, and that's the end.","ROUND8"
"Host_Arenas_Round8_02_02","diag_mp_ashNotify_arenas_round08_02_02_3p",0,"#HOST_ARENAS","TEAM_MILITIA",false,"","Round 8. One slip, and that's the end.","ROUND8"
"Host_Arenas_Round9_01","diag_mp_ashNotify_arenas_round09_01_01_3p",0,"#HOST_ARENAS","TEAM_MILITIA",false,"","Round 9.","ROUND9"
"Host_Arenas_Round9_01_02","diag_mp_ashNotify_arenas_round09_01_02_3p",0,"#HOST_ARENAS","TEAM_MILITIA",false,"","Round 9.","ROUND9"
"Host_Arenas_Round9_02","diag_mp_ashNotify_arenas_round09_02_01_3p",0,"#HOST_ARENAS","TEAM_MILITIA",false,"","Round 9. How resilient.","ROUND9"
"Host_Arenas_Round9_02_02","diag_mp_ashNotify_arenas_round09_02_02_3p",0,"#HOST_ARENAS","TEAM_MILITIA",false,"","Round 9. How resilient.","ROUND9"
"Host_Arenas_Round9_02_03","diag_mp_ashNotify_arenas_round09_02_03_3p",0,"#HOST_ARENAS","TEAM_MILITIA",false,"","Round 9. How resilient.","ROUND9"
"Host_Arenas_RoundFinal_01","diag_mp_ashNotify_arenas_roundFinal_01_01_3p",0,"#HOST_ARENAS","TEAM_MILITIA",false,"","Final Round.","ROUND_FINAL"
"Host_Arenas_RoundFinal_01_02","diag_mp_ashNotify_arenas_roundFinal_01_02_3p",0,"#HOST_ARENAS","TEAM_MILITIA",false,"","Final Round.","ROUND_FINAL"
"Host_Arenas_RoundFinal_01_03","diag_mp_ashNotify_arenas_roundFinal_01_03_3p",0,"#HOST_ARENAS","TEAM_MILITIA",false,"","Final Round.","ROUND_FINAL"
"Host_Arenas_RoundFinal_02","diag_mp_ashNotify_arenas_roundFinal_02_01_3p",0,"#HOST_ARENAS","TEAM_MILITIA",false,"","Final Round. You should kill faster.","ROUND_FINAL"
"Host_Arenas_RoundFinal_02_02","diag_mp_ashNotify_arenas_roundFinal_02_02_3p",0,"#HOST_ARENAS","TEAM_MILITIA",false,"","Final Round. You are so very close.","ROUND_FINAL"
"Host_Arenas_RoundFinal_03","diag_mp_ashNotify_arenas_roundFinal_03_01_3p",0,"#HOST_ARENAS","TEAM_MILITIA",false,"","Final Round. End this.","ROUND_FINAL"
"Host_Arenas_RoundFinal_03_02","diag_mp_ashNotify_arenas_roundFinal_03_02_3p",0,"#HOST_ARENAS","TEAM_MILITIA",false,"","Final Round. This is what I've been waiting for.","ROUND_FINAL"
"Host_Arenas_RoundFinal_03_03","diag_mp_ashNotify_arenas_roundFinal_03_03_3p",0,"#HOST_ARENAS","TEAM_MILITIA",false,"","Final Round. This is what I've been waiting for.","ROUND_FINAL"
"Host_Arenas_RoundFinal_04","diag_mp_ashNotify_arenas_roundFinal_04_01_3p",0,"#HOST_ARENAS","TEAM_MILITIA",false,"","Final Round. You're out of time.","ROUND_FINAL"
"Host_Arenas_RoundFinal_04_02","diag_mp_ashNotify_arenas_roundFinal_04_02_3p",0,"#HOST_ARENAS","TEAM_MILITIA",false,"","Final Round. Finish this.","ROUND_FINAL"
"Host_Arenas_RoundFinal_05_01","diag_mp_ashNotify_arenas_roundFinal_05_01_3p",0,"#HOST_ARENAS","TEAM_MILITIA",false,"","Final Round. Take them down.","ROUND_FINAL"
"Host_Arenas_RoundFinal_05_02","diag_mp_ashNotify_arenas_roundFinal_05_02_3p",0,"#HOST_ARENAS","TEAM_MILITIA",false,"","Final Round. Take them down.","ROUND_FINAL"
"Host_Arenas_SuddenDeath_01_01","diag_mp_ashNotify_arenas_suddenDeath_01_01_3p",0,"#HOST_ARENAS","TEAM_MILITIA",false,"","Sudden death. It all ends here.","SUDDEN_DEATH"
"Host_Arenas_SuddenDeath_01_02","diag_mp_ashNotify_arenas_suddenDeath_01_02_3p",0,"#HOST_ARENAS","TEAM_MILITIA",false,"","Sudden death. It all ends here.","SUDDEN_DEATH"
"Host_Arenas_SuddenDeath_02_01","diag_mp_ashNotify_arenas_suddenDeath_02_01_3p",0,"#HOST_ARENAS","TEAM_MILITIA",false,"","Sudden death. Now you prove yourselves.","SUDDEN_DEATH"
"Host_Arenas_SuddenDeath_02_02","diag_mp_ashNotify_arenas_suddenDeath_02_02_3p",0,"#HOST_ARENAS","TEAM_MILITIA",false,"","Sudden death. Now you prove yourselves.","SUDDEN_DEATH"
"Host_Arenas_SuddenDeath_03_01","diag_mp_ashNotify_arenas_suddenDeath_03_01_3p",0,"#HOST_ARENAS","TEAM_MILITIA",false,"","Sudden death. Time to stop holding back.","SUDDEN_DEATH"
"Host_Arenas_SuddenDeath_03_02","diag_mp_ashNotify_arenas_suddenDeath_03_02_3p",0,"#HOST_ARENAS","TEAM_MILITIA",false,"","Sudden death. Time to stop holding back.","SUDDEN_DEATH"
"Host_Arenas_SuddenDeath_04_01","diag_mp_ashNotify_arenas_suddenDeath_04_01_3p",0,"#HOST_ARENAS","TEAM_MILITIA",false,"","Sudden death. Deal the final blow.","SUDDEN_DEATH"
"Host_Arenas_SuddenDeath_04_02","diag_mp_ashNotify_arenas_suddenDeath_04_02_3p",0,"#HOST_ARENAS","TEAM_MILITIA",false,"","Sudden death. Deal the final blow.","SUDDEN_DEATH"
"Host_Arenas_OneTeamWinning_01","diag_mp_ashNotify_arenas_teamOneWinning_01_01_3p",0,"#HOST_ARENAS","TEAM_MILITIA",false,"","One team is winning by an impressive margin.","ONE_TEAM_WINNING"
"Host_Arenas_OneTeamWinning_01_02","diag_mp_ashNotify_arenas_teamOneWinning_01_02_3p",0,"#HOST_ARENAS","TEAM_MILITIA",false,"","One team is winning by an impressive margin.","ONE_TEAM_WINNING"
"Host_Arenas_OneTeamWinning_02","diag_mp_ashNotify_arenas_teamOneWinning_02_01_3p",0,"#HOST_ARENAS","TEAM_MILITIA",false,"","One team is ahead. The other scares too easily.","ONE_TEAM_WINNING"
"Host_Arenas_OneTeamWinning_02_02","diag_mp_ashNotify_arenas_teamOneWinning_02_02_3p",0,"#HOST_ARENAS","TEAM_MILITIA",false,"","One team is ahead. The other scares too easily.","ONE_TEAM_WINNING"
"Host_Arenas_OneTeamWinning_03","diag_mp_ashNotify_arenas_teamOneWinning_03_01_3p",0,"#HOST_ARENAS","TEAM_MILITIA",false,"","One team is proving to be superior.","ONE_TEAM_WINNING"
"Host_Arenas_OneTeamWinning_03_02","diag_mp_ashNotify_arenas_teamOneWinning_03_02_3p",0,"#HOST_ARENAS","TEAM_MILITIA",false,"","One team is proving to be superior.","ONE_TEAM_WINNING"
"Host_Arenas_ScoreClose_01","diag_mp_ashNotify_arenas_scoreClose_01_01_3p",0,"#HOST_ARENAS","TEAM_MILITIA",false,"","You are well-matched. A mistake now will be your undoing.","SCORE_CLOSE"
"Host_Arenas_ScoreClose_01_02","diag_mp_ashNotify_arenas_scoreClose_01_02_3p",0,"#HOST_ARENAS","TEAM_MILITIA",false,"","You are well-matched. A mistake now will be your undoing.","SCORE_CLOSE"
"Host_Arenas_ScoreClose_03","diag_mp_ashNotify_arenas_scoreClose_03_01_3p",0,"#HOST_ARENAS","TEAM_MILITIA",false,"","The teams are equally matched. I hope one of you has been holding back.","SCORE_CLOSE"
"Host_Arenas_ScoreClose_03_02","diag_mp_ashNotify_arenas_scoreClose_03_02_3p",0,"#HOST_ARENAS","TEAM_MILITIA",false,"","The teams are equally matched. I hope one of you has been holding back.","SCORE_CLOSE"
"Host_Arenas_ScoreClose_03_03","diag_mp_ashNotify_arenas_scoreClose_03_03_3p",0,"#HOST_ARENAS","TEAM_MILITIA",false,"","The teams are equally matched. I hope one of you has been holding back.","SCORE_CLOSE"
"Host_Arenas_ScoreClose_04_01","diag_mp_ashNotify_arenas_scoreClose_04_01_3p",0,"#HOST_ARENAS","TEAM_MILITIA",false,"","The score is close. Good. That is far more entertaining.","SCORE_CLOSE"
"Host_Arenas_ScoreClose_04_02","diag_mp_ashNotify_arenas_scoreClose_04_02_3p",0,"#HOST_ARENAS","TEAM_MILITIA",false,"","The score is close. Good. That is far more entertaining.","SCORE_CLOSE"
"Host_Arenas_MatchPoint_04","diag_mp_ashNotify_arenas_matchPointTied_01_01_3p",0,"#HOST_ARENAS","TEAM_MILITIA",false,"","Tiebreaker. Don't hold back.","MATCH_POINT_TIED"
"Host_Arenas_MatchPoint_04_02_tied","diag_mp_ashNotify_arenas_matchPointTied_01_02_3p",0,"#HOST_ARENAS","TEAM_MILITIA",false,"","Tiebreaker. Don't hold back.","MATCH_POINT_TIED"
"Host_Arenas_MatchPoint_05","diag_mp_ashNotify_arenas_matchPointTied_02_01_3p",0,"#HOST_ARENAS","TEAM_MILITIA",false,"","Tiebreaker. Now the worthy will emerge.","MATCH_POINT_TIED"
"Host_Arenas_MatchPoint_05_02_tied","diag_mp_ashNotify_arenas_matchPointTied_02_02_3p",0,"#HOST_ARENAS","TEAM_MILITIA",false,"","Tiebreaker. Now the worthy will emerge.","MATCH_POINT_TIED"
"Host_Arenas_MatchPoint_06","diag_mp_ashNotify_arenas_matchPointTied_03_01_3p",0,"#HOST_ARENAS","TEAM_MILITIA",false,"","Tiebreaker. It all ends now.","MATCH_POINT_TIED"
"Host_Arenas_MatchPointTied_04_01","diag_mp_ashNotify_arenas_matchPointTied_04_01_3p",0,"#HOST_ARENAS","TEAM_MILITIA",false,"","Tiebreaker. Focus, fight, win.","MATCH_POINT_TIED"
"Host_Arenas_MatchPointTied_05_01","diag_mp_ashNotify_arenas_matchPointTied_05_01_3p",0,"#HOST_ARENAS","TEAM_MILITIA",false,"","Tiebreaker. They are equally skilled.","MATCH_POINT_TIED"
"Host_Arenas_MatchPointTied_05_02","diag_mp_ashNotify_arenas_matchPointTied_05_02_3p",0,"#HOST_ARENAS","TEAM_MILITIA",false,"","Tiebreaker. They are equally skilled.","MATCH_POINT_TIED"
"Host_Arenas_MatchPointTied_06_01","diag_mp_ashNotify_arenas_matchPointTied_06_01_3p",0,"#HOST_ARENAS","TEAM_MILITIA",false,"","Tiebreaker. Nothing is assured.","MATCH_POINT_TIED"
"Host_Arenas_MatchPointTied_06_02","diag_mp_ashNotify_arenas_matchPointTied_06_02_3p",0,"#HOST_ARENAS","TEAM_MILITIA",false,"","Tiebreaker. Nothing is assured.","MATCH_POINT_TIED"
"Host_Arenas_MatchPointSquad_01","diag_mp_ashNotify_arenas_matchPointSquad_01_01_3p",0,"#HOST_ARENAS","TEAM_MILITIA",false,"","You are about to win. Finish it.","MATCH_POINT_SQUAD"
"Host_Arenas_MatchPointSquad_01_02","diag_mp_ashNotify_arenas_matchPointSquad_01_02_3p",0,"#HOST_ARENAS","TEAM_MILITIA",false,"","Victory is within reach. Take it.","MATCH_POINT_SQUAD"
"Host_Arenas_MatchPointSquad_02_01","diag_mp_ashNotify_arenas_matchPointSquad_02_01_3p",0,"#HOST_ARENAS","TEAM_MILITIA",false,"","Victory draws near. But nothing is assured.","MATCH_POINT_SQUAD"
"Host_Arenas_MatchPointSquad_02_02","diag_mp_ashNotify_arenas_matchPointSquad_02_02_3p",0,"#HOST_ARENAS","TEAM_MILITIA",false,"","Victory draws near. But nothing is assured.","MATCH_POINT_SQUAD"
"Host_Arenas_MatchPointSquad_03_01","diag_mp_ashNotify_arenas_matchPointSquad_03_01_3p",0,"#HOST_ARENAS","TEAM_MILITIA",false,"","Victory is close. Achieve it at all costs.","MATCH_POINT_SQUAD"
"Host_Arenas_MatchPointSquad_03_02","diag_mp_ashNotify_arenas_matchPointSquad_03_02_3p",0,"#HOST_ARENAS","TEAM_MILITIA",false,"","Victory is close. Achieve it at all costs.","MATCH_POINT_SQUAD"
"Host_Arenas_MatchPointSquad_04_01","diag_mp_ashNotify_arenas_matchPointSquad_04_01_3p",0,"#HOST_ARENAS","TEAM_MILITIA",false,"","One win stands between you and victory.","MATCH_POINT_SQUAD"
"Host_Arenas_MatchPointSquad_05_01","diag_mp_ashNotify_arenas_matchPointSquad_05_01_3p",0,"#HOST_ARENAS","TEAM_MILITIA",false,"","Victory is near.","MATCH_POINT_SQUAD"
"Host_Arenas_MatchPointSquad_06_01","diag_mp_ashNotify_arenas_matchPointSquad_06_01_3p",0,"#HOST_ARENAS","TEAM_MILITIA",false,"","Your enemies are on their knees. End them.","MATCH_POINT_SQUAD"
"Host_Arenas_MatchPointSquad_06_02","diag_mp_ashNotify_arenas_matchPointSquad_06_02_3p",0,"#HOST_ARENAS","TEAM_MILITIA",false,"","Your enemies are on their knees. End them.","MATCH_POINT_SQUAD"
"Host_Arenas_MatchPointSquad_07_01","diag_mp_ashNotify_arenas_matchPointSquad_07_01_3p",0,"#HOST_ARENAS","TEAM_MILITIA",false,"","Victory nears. Concentrate and finish this.","MATCH_POINT_SQUAD"
"Host_Arenas_MatchPointSquad_07_02","diag_mp_ashNotify_arenas_matchPointSquad_07_02_3p",0,"#HOST_ARENAS","TEAM_MILITIA",false,"","Victory nears. Concentrate and finish this.","MATCH_POINT_SQUAD"
"Host_Arenas_MatchPointSquad_08_01","diag_mp_ashNotify_arenas_matchPointSquad_08_01_3p",0,"#HOST_ARENAS","TEAM_MILITIA",false,"","You near victory. Do not let it slip away.","MATCH_POINT_SQUAD"
"Host_Arenas_MatchPointSquad_08_02","diag_mp_ashNotify_arenas_matchPointSquad_08_02_3p",0,"#HOST_ARENAS","TEAM_MILITIA",false,"","You near victory. Do not let it slip away.","MATCH_POINT_SQUAD"
"Host_Arenas_MatchPointEnemy_01","diag_mp_ashNotify_arenas_matchPointEnemy_01_01_3p",0,"#HOST_ARENAS","TEAM_MILITIA",false,"","Your enemy is about to win. Stop them.","MATCH_POINT_ENEMY"
"Host_Arenas_MatchPointEnemy_01_02","diag_mp_ashNotify_arenas_matchPointEnemy_01_02_3p",0,"#HOST_ARENAS","TEAM_MILITIA",false,"","The enemy nears victory. Do not give in to fear.","MATCH_POINT_ENEMY"
"Host_Arenas_MatchPointEnemy_02_01","diag_mp_ashNotify_arenas_matchPointEnemy_02_01_3p",0,"#HOST_ARENAS","TEAM_MILITIA",false,"","The enemy closes in. This round could seal your fate.","MATCH_POINT_ENEMY"
"Host_Arenas_MatchPointEnemy_02_02","diag_mp_ashNotify_arenas_matchPointEnemy_02_02_3p",0,"#HOST_ARENAS","TEAM_MILITIA",false,"","The enemy closes in. This round could seal your fate.","MATCH_POINT_ENEMY"
"Host_Arenas_MatchPointEnemy_03_01","diag_mp_ashNotify_arenas_matchPointEnemy_03_01_3p",0,"#HOST_ARENAS","TEAM_MILITIA",false,"","Defeat is breathing down your neck. Force it back.","MATCH_POINT_ENEMY"
"Host_Arenas_MatchPointEnemy_04_01","diag_mp_ashNotify_arenas_matchPointEnemy_04_01_3p",0,"#HOST_ARENAS","TEAM_MILITIA",false,"","The match nears its end. Do not surrender.","MATCH_POINT_ENEMY"
"Host_Arenas_MatchPointEnemy_04_02","diag_mp_ashNotify_arenas_matchPointEnemy_04_02_3p",0,"#HOST_ARENAS","TEAM_MILITIA",false,"","The match nears its end. Do not surrender.","MATCH_POINT_ENEMY"
"Host_Arenas_MatchPointEnemy_05_01","diag_mp_ashNotify_arenas_matchPointEnemy_05_01_3p",0,"#HOST_ARENAS","TEAM_MILITIA",false,"","Lose once more, and it ends.","MATCH_POINT_ENEMY"
"Host_Arenas_MatchPointEnemy_06_01","diag_mp_ashNotify_arenas_matchPointEnemy_06_01_3p",0,"#HOST_ARENAS","TEAM_MILITIA",false,"","Defeat draws near - but it is not imminent.","MATCH_POINT_ENEMY"
"Host_Arenas_MatchPointEnemy_07_01","diag_mp_ashNotify_arenas_matchPointEnemy_07_01_3p",0,"#HOST_ARENAS","TEAM_MILITIA",false,"","The enemy's boot is on your neck. Remove it.","MATCH_POINT_ENEMY"
"Host_Arenas_MatchPointEnemy_08_01","diag_mp_ashNotify_arenas_matchPointEnemy_08_01_3p",0,"#HOST_ARENAS","TEAM_MILITIA",false,"","Your enemy is about to win. Will you go quietly?","MATCH_POINT_ENEMY"
"Host_Arenas_FirstBlood_01","diag_mp_ashNotify_arenas_diedFirst_01_01_3p",10,"#HOST_ARENAS","TEAM_MILITIA",false,"","First Blood.","FIRST_BLOOD"
"Host_Arenas_FirstBlood_01_02","diag_mp_ashNotify_arenas_diedFirst_01_02_3p",10,"#HOST_ARENAS","TEAM_MILITIA",false,"","First Blood.","FIRST_BLOOD"
"Host_Arenas_FirstBlood_01_03","diag_mp_ashNotify_arenas_diedFirst_01_03_3p",10,"#HOST_ARENAS","TEAM_MILITIA",false,"","First Blood.","FIRST_BLOOD"
"Host_Arenas_FirstBlood_02","diag_mp_ashNotify_arenas_diedFirst_02_01_3p",10,"#HOST_ARENAS","TEAM_MILITIA",false,"","First Blood has been taken.","FIRST_BLOOD"
"Host_Arenas_FirstBlood_02_02","diag_mp_ashNotify_arenas_diedFirst_02_02_3p",10,"#HOST_ARENAS","TEAM_MILITIA",false,"","First Blood has been taken.","FIRST_BLOOD"
"Host_Arenas_FirstBlood_02_03","diag_mp_ashNotify_arenas_diedFirst_02_03_3p",10,"#HOST_ARENAS","TEAM_MILITIA",false,"","First Blood has been taken.","FIRST_BLOOD"
"Host_Arenas_FirstBlood_03","diag_mp_ashNotify_arenas_diedFirst_03_01_3p",10,"#HOST_ARENAS","TEAM_MILITIA",false,"","First Blood. Finally.","FIRST_BLOOD"
"Host_Arenas_FirstBlood_03_02","diag_mp_ashNotify_arenas_diedFirst_03_02_3p",10,"#HOST_ARENAS","TEAM_MILITIA",false,"","First Blood. Finally.","FIRST_BLOOD"
"Host_Arenas_FirstBlood_03_03","diag_mp_ashNotify_arenas_diedFirst_03_03_3p",10,"#HOST_ARENAS","TEAM_MILITIA",false,"","First Blood. Finally.","FIRST_BLOOD"
"Host_Arenas_FirstBlood_04","diag_mp_ashNotify_arenas_diedFirst_04_01_3p",10,"#HOST_ARENAS","TEAM_MILITIA",false,"","First Blood. Fortune favors the bold.","FIRST_BLOOD"
"Host_Arenas_FirstBlood_04_02","diag_mp_ashNotify_arenas_diedFirst_04_02_3p",10,"#HOST_ARENAS","TEAM_MILITIA",false,"","First Blood. Good start. Keep going.","FIRST_BLOOD"
"Host_Arenas_FirstBlood_04_03","diag_mp_ashNotify_arenas_diedFirst_04_03_3p",10,"#HOST_ARENAS","TEAM_MILITIA",false,"","First Blood. Good start. Keep going.","FIRST_BLOOD"
"Host_Arenas_DoubleKill_01","diag_mp_ashNotify_arenas_killDouble_01_01_3p",5,"#HOST_ARENAS","TEAM_MILITIA",false,"","Double kill. Impressive.","DOUBLE_KILL"
"Host_Arenas_DoubleKill_01_02","diag_mp_ashNotify_arenas_killDouble_01_02_3p",5,"#HOST_ARENAS","TEAM_MILITIA",false,"","Double kill. Impressive.","DOUBLE_KILL"
"Host_Arenas_DoubleKill_02_01","diag_mp_ashNotify_arenas_killDouble_02_01_3p",5,"#HOST_ARENAS","TEAM_MILITIA",false,"","Double kill. Well done.","DOUBLE_KILL"
"Host_Arenas_DoubleKill_03_01","diag_mp_ashNotify_arenas_killDouble_03_01_3p",5,"#HOST_ARENAS","TEAM_MILITIA",false,"","Double kill. Show no mercy.","DOUBLE_KILL"
"Host_Arenas_DoubleKill_03_02","diag_mp_ashNotify_arenas_killDouble_03_02_3p",5,"#HOST_ARENAS","TEAM_MILITIA",false,"","Double kill. Show no mercy.","DOUBLE_KILL"
"Host_Arenas_DoubleKill_08_01","diag_mp_ashNotify_arenas_killDouble_08_01_3p",5,"#HOST_ARENAS","TEAM_MILITIA",false,"","Double kill.","DOUBLE_KILL"
"Host_Arenas_DoubleKill_08_02","diag_mp_ashNotify_arenas_killDouble_08_02_3p",5,"#HOST_ARENAS","TEAM_MILITIA",false,"","Double kill.","DOUBLE_KILL"
"Host_Arenas_DoubleKill_09_01","diag_mp_ashNotify_arenas_killDouble_09_01_3p",5,"#HOST_ARENAS","TEAM_MILITIA",false,"","Double kill. They were outmatched.","DOUBLE_KILL"
"Host_Arenas_DoubleKill_09_02","diag_mp_ashNotify_arenas_killDouble_09_02_3p",5,"#HOST_ARENAS","TEAM_MILITIA",false,"","Double kill. They were outmatched.","DOUBLE_KILL"
"Host_Arenas_DoubleKill_10_01","diag_mp_ashNotify_arenas_killDouble_10_01_3p",5,"#HOST_ARENAS","TEAM_MILITIA",false,"","Double kill. Efficient.","DOUBLE_KILL"
"Host_Arenas_DoubleKill_10_02","diag_mp_ashNotify_arenas_killDouble_10_02_3p",5,"#HOST_ARENAS","TEAM_MILITIA",false,"","Double kill. Efficient.","DOUBLE_KILL"
"Host_Arenas_DoubleKill_11_01","diag_mp_ashNotify_arenas_killDouble_11_01_3p",5,"#HOST_ARENAS","TEAM_MILITIA",false,"","Double kill. A true fighter.","DOUBLE_KILL"
"Host_Arenas_DoubleKill_11_02","diag_mp_ashNotify_arenas_killDouble_11_02_3p",5,"#HOST_ARENAS","TEAM_MILITIA",false,"","Double kill. A true fighter.","DOUBLE_KILL"
"Host_Arenas_DoubleKill_12_01","diag_mp_ashNotify_arenas_killDouble_12_01_3p",5,"#HOST_ARENAS","TEAM_MILITIA",false,"","Double kill. The unworthy fall.","DOUBLE_KILL"
"Host_Arenas_DoubleKill_12_02","diag_mp_ashNotify_arenas_killDouble_12_02_3p",5,"#HOST_ARENAS","TEAM_MILITIA",false,"","Double kill. The unworthy fall.","DOUBLE_KILL"
"Host_Arenas_TripleKill_01","diag_mp_ashNotify_arenas_killTriple_01_01_3p",0,"#HOST_ARENAS","TEAM_MILITIA",false,"","Triple kill. One of you stands a cut above the rest.","TRIPLE_KILL"
"Host_Arenas_TripleKill_01_02","diag_mp_ashNotify_arenas_killTriple_01_02_3p",0,"#HOST_ARENAS","TEAM_MILITIA",false,"","Triple kill. The rest of you - take note.","TRIPLE_KILL"
"Host_Arenas_TripleKill_02_01","diag_mp_ashNotify_arenas_killTriple_02_01_3p",0,"#HOST_ARENAS","TEAM_MILITIA",false,"","Triple kill. Good focus.","TRIPLE_KILL"
"Host_Arenas_TripleKill_03_01","diag_mp_ashNotify_arenas_killTriple_03_01_3p",0,"#HOST_ARENAS","TEAM_MILITIA",false,"","Triple kill. They could not evade you.","TRIPLE_KILL"
"Host_Arenas_TripleKill_03_02","diag_mp_ashNotify_arenas_killTriple_03_02_3p",0,"#HOST_ARENAS","TEAM_MILITIA",false,"","Triple kill. They could not evade you.","TRIPLE_KILL"
"Host_Arenas_TripleKill_04_01","diag_mp_ashNotify_arenas_killTriple_04_01_3p",0,"#HOST_ARENAS","TEAM_MILITIA",false,"","Triple kill.","TRIPLE_KILL"
"Host_Arenas_TripleKill_04_02","diag_mp_ashNotify_arenas_killTriple_04_02_3p",0,"#HOST_ARENAS","TEAM_MILITIA",false,"","Triple kill.","TRIPLE_KILL"
"Host_Arenas_CarePackage_02_01","diag_mp_ashNotify_arenas_droppingCarePack_02_01_3p",10,"#HOST_ARENAS","TEAM_MILITIA",false,"","Care package being delivered.","CARE_PACKAGE_DROPPING"
"Host_Arenas_CarePackage_02_02","diag_mp_ashNotify_arenas_droppingCarePack_02_02_3p",10,"#HOST_ARENAS","TEAM_MILITIA",false,"","Care Package arriving. Choose your next move quickly.","CARE_PACKAGE_DROPPING"
"Host_Arenas_CarePackage_04_01","diag_mp_ashNotify_arenas_droppingCarePack_04_01_3p",10,"#HOST_ARENAS","TEAM_MILITIA",false,"","Care package being delivered.","CARE_PACKAGE_DROPPING"
"Host_Arenas_CarePackage_05_01","diag_mp_ashNotify_arenas_droppingCarePack_05_01_3p",10,"#HOST_ARENAS","TEAM_MILITIA",false,"","Care package being delivered.","CARE_PACKAGE_DROPPING"
"Host_Arenas_CarePackage_05_02","diag_mp_ashNotify_arenas_droppingCarePack_05_02_3p",10,"#HOST_ARENAS","TEAM_MILITIA",false,"","Care Package. Could turn the tide for you. Could turn the tide for them.","CARE_PACKAGE_DROPPING"
"Host_Arenas_CarePackage_07_01","diag_mp_ashNotify_arenas_droppingCarePack_07_01_3p",10,"#HOST_ARENAS","TEAM_MILITIA",false,"","Care Package arriving.","CARE_PACKAGE_DROPPING"
"Host_Arenas_CarePackage_07_02","diag_mp_ashNotify_arenas_droppingCarePack_07_02_3p",10,"#HOST_ARENAS","TEAM_MILITIA",false,"","Care Package arriving.","CARE_PACKAGE_DROPPING"
"Host_Arenas_CarePackage_08_01","diag_mp_ashNotify_arenas_droppingCarePack_08_01_3p",10,"#HOST_ARENAS","TEAM_MILITIA",false,"","Care Package inbound. Strategize.","CARE_PACKAGE_DROPPING"
"Host_Arenas_CarePackage_08_02","diag_mp_ashNotify_arenas_droppingCarePack_08_02_3p",10,"#HOST_ARENAS","TEAM_MILITIA",false,"","Care Package inbound. Strategize.","CARE_PACKAGE_DROPPING"
"Host_Arenas_CarePackage_09_01","diag_mp_ashNotify_arenas_droppingCarePack_09_01_3p",10,"#HOST_ARENAS","TEAM_MILITIA",false,"","Care Package. It may hold the key to your victory.","CARE_PACKAGE_DROPPING"
"Host_Arenas_CarePackage_09_02","diag_mp_ashNotify_arenas_droppingCarePack_09_02_3p",10,"#HOST_ARENAS","TEAM_MILITIA",false,"","Care Package. It may hold the key to your victory.","CARE_PACKAGE_DROPPING"
"Host_Arenas_RoundWon_01","diag_mp_ashNotify_arenas_roundWon_01_01_3p",5,"#HOST_ARENAS","TEAM_MILITIA",false,"","Round Won","ROUND_WON"
"Host_Arenas_RoundWon_01_02","diag_mp_ashNotify_arenas_roundWon_01_02_3p",5,"#HOST_ARENAS","TEAM_MILITIA",false,"","The round is complete. You are victorious.","ROUND_WON"
"Host_Arenas_RoundWon_02","diag_mp_ashNotify_arenas_roundWon_02_01_3p",5,"#HOST_ARENAS","TEAM_MILITIA",false,"","Round Won","ROUND_WON"
"Host_Arenas_RoundWon_02_02","diag_mp_ashNotify_arenas_roundWon_02_02_3p",5,"#HOST_ARENAS","TEAM_MILITIA",false,"","You won this round.","ROUND_WON"
"Host_Arenas_RoundWon_03","diag_mp_ashNotify_arenas_roundWon_03_01_3p",5,"#HOST_ARENAS","TEAM_MILITIA",false,"","Round Won","ROUND_WON"
"Host_Arenas_RoundWon_03_02","diag_mp_ashNotify_arenas_roundWon_03_02_3p",5,"#HOST_ARENAS","TEAM_MILITIA",false,"","Well done. The round is yours.","ROUND_WON"
"Host_Arenas_RoundWon_04","diag_mp_ashNotify_arenas_roundWon_04_01_3p",5,"#HOST_ARENAS","TEAM_MILITIA",false,"","Round Won","ROUND_WON"
"Host_Arenas_RoundWon_04_02","diag_mp_ashNotify_arenas_roundWon_04_02_3p",5,"#HOST_ARENAS","TEAM_MILITIA",false,"","This round ends in your favor.","ROUND_WON"
"Host_Arenas_RoundWon_04_03","diag_mp_ashNotify_arenas_roundWon_04_03_3p",5,"#HOST_ARENAS","TEAM_MILITIA",false,"","This round ends in your favor.","ROUND_WON"
"Host_Arenas_RoundWon_05","diag_mp_ashNotify_arenas_roundWon_05_01_3p",5,"#HOST_ARENAS","TEAM_MILITIA",false,"","Round Won","ROUND_WON"
"Host_Arenas_RoundWon_05_02","diag_mp_ashNotify_arenas_roundWon_05_02_3p",5,"#HOST_ARENAS","TEAM_MILITIA",false,"","This round is yours.","ROUND_WON"
"Host_Arenas_RoundLost_01","diag_mp_ashNotify_arenas_roundLost_01_01_3p",5,"#HOST_ARENAS","TEAM_MILITIA",false,"","Round Lost","ROUND_LOST"
"Host_Arenas_RoundLost_01_02","diag_mp_ashNotify_arenas_roundLost_01_02_3p",5,"#HOST_ARENAS","TEAM_MILITIA",false,"","Round lost. Learn from this.","ROUND_LOST"
"Host_Arenas_RoundLost_02","diag_mp_ashNotify_arenas_roundLost_02_01_3p",5,"#HOST_ARENAS","TEAM_MILITIA",false,"","Round Lost","ROUND_LOST"
"Host_Arenas_RoundLost_02_02","diag_mp_ashNotify_arenas_roundLost_02_02_3p",5,"#HOST_ARENAS","TEAM_MILITIA",false,"","Round Lost.","ROUND_LOST"
"Host_Arenas_RoundLost_02_03","diag_mp_ashNotify_arenas_roundLost_02_03_3p",5,"#HOST_ARENAS","TEAM_MILITIA",false,"","Round Lost.","ROUND_LOST"
"Host_Arenas_RoundLost_03","diag_mp_ashNotify_arenas_roundLost_03_01_3p",5,"#HOST_ARENAS","TEAM_MILITIA",false,"","Round Lost","ROUND_LOST"
"Host_Arenas_RoundLost_03_02","diag_mp_ashNotify_arenas_roundLost_03_02_3p",5,"#HOST_ARENAS","TEAM_MILITIA",false,"","You lost this round. How disappointing.","ROUND_LOST"
"Host_Arenas_RoundLost_04","diag_mp_ashNotify_arenas_roundLost_04_01_3p",5,"#HOST_ARENAS","TEAM_MILITIA",false,"","Round Lost","ROUND_LOST"
"Host_Arenas_RoundLost_04_02","diag_mp_ashNotify_arenas_roundLost_04_02_3p",5,"#HOST_ARENAS","TEAM_MILITIA",false,"","The enemy routed you. Don't let it happen again.","ROUND_LOST"
"Host_Arenas_RoundLost_05","diag_mp_ashNotify_arenas_roundLost_05_01_3p",5,"#HOST_ARENAS","TEAM_MILITIA",false,"","Round Lost","ROUND_LOST"
"Host_Arenas_RoundLost_05_02","diag_mp_ashNotify_arenas_roundLost_05_02_3p",5,"#HOST_ARENAS","TEAM_MILITIA",false,"","This round is over. You lost.","ROUND_LOST"
"Host_Arenas_Perfect_01","diag_mp_ashNotify_arenas_victoryPerfect_01_01_3p",0,"#HOST_ARENAS","TEAM_MILITIA",false,"","You received no damage that round. Your skills are unmatched.","ROUND_PERFECT"
"Host_Arenas_Perfect_02_01","diag_mp_ashNotify_arenas_victoryPerfect_02_01_3p",0,"#HOST_ARENAS","TEAM_MILITIA",false,"","Well done. They could not touch you.","ROUND_PERFECT"
"Host_Arenas_Perfect_03_01","diag_mp_ashNotify_arenas_victoryPerfect_03_01_3p",0,"#HOST_ARENAS","TEAM_MILITIA",false,"","Not a single scratch. Your skills are unparalleled.","ROUND_PERFECT"
"Host_Arenas_Perfect_04_01","diag_mp_ashNotify_arenas_victoryPerfect_04_01_3p",0,"#HOST_ARENAS","TEAM_MILITIA",false,"","Powerful. I've met Pilots with less skill than you.","ROUND_PERFECT"
"Host_Arenas_Flawless_01","diag_mp_ashNotify_arenas_victoryFlawless_01_01_3p",0,"#HOST_ARENAS","TEAM_MILITIA",false,"","Flawless victory. This squad is untouchable.","ROUND_FLAWLESS"
"Host_Arenas_Flawless_02_01","diag_mp_ashNotify_arenas_victoryFlawless_02_01_3p",0,"#HOST_ARENAS","TEAM_MILITIA",false,"","You all still stand. The mark of a superior squad.","ROUND_FLAWLESS"
"Host_Arenas_Flawless_02_02","diag_mp_ashNotify_arenas_victoryFlawless_02_02_3p",0,"#HOST_ARENAS","TEAM_MILITIA",false,"","You all still stand. The mark of a superior squad.","ROUND_FLAWLESS"
"Host_Arenas_Flawless_03_01","diag_mp_ashNotify_arenas_victoryFlawless_03_01_3p",0,"#HOST_ARENAS","TEAM_MILITIA",false,"","Very impressive work, Legends. You have earned this.","ROUND_FLAWLESS"
"Host_Arenas_Flawless_04_01","diag_mp_ashNotify_arenas_victoryFlawless_04_01_3p",0,"#HOST_ARENAS","TEAM_MILITIA",false,"","A coordinated assault, perfectly executed.","ROUND_FLAWLESS"
"Host_Arenas_Flawless_04_02","diag_mp_ashNotify_arenas_victoryFlawless_04_02_3p",0,"#HOST_ARENAS","TEAM_MILITIA",false,"","A coordinated assault, perfectly executed.","ROUND_FLAWLESS"
"Host_Arenas_Clutch_01","diag_mp_ashNotify_arenas_victoryClutch_01_01_3p",0,"#HOST_ARENAS","TEAM_MILITIA",false,"","Numbers mean nothing against a true fighter. Well done.","ROUND_CLUTCH"
"Host_Arenas_Clutch_02_01","diag_mp_ashNotify_arenas_victoryClutch_02_01_3p",0,"#HOST_ARENAS","TEAM_MILITIA",false,"","Yes. The superior fighter is clear.","ROUND_CLUTCH"
"Host_Arenas_Clutch_04_01","diag_mp_ashNotify_arenas_victoryClutch_04_01_3p",0,"#HOST_ARENAS","TEAM_MILITIA",false,"","Well done. You have proved your worth.","ROUND_CLUTCH"
"Host_Arenas_Clutch_05_01","diag_mp_ashNotify_arenas_victoryClutch_05_01_3p",0,"#HOST_ARENAS","TEAM_MILITIA",false,"","One of you overcame the odds. Well done.","ROUND_CLUTCH"
"Host_Arenas_Clutch_05_02","diag_mp_ashNotify_arenas_victoryClutch_05_02_3p",0,"#HOST_ARENAS","TEAM_MILITIA",false,"","One of you overcame the odds. Well done.","ROUND_CLUTCH"
"Host_Arenas_Stomp_01","diag_mp_ashNotify_arenas_victoryStomp_01_01_3p",0,"#HOST_ARENAS","TEAM_MILITIA",false,"","Impressive. Your enemies didn't stand a chance.","MATCH_STOMP"
"Host_Arenas_Stomp_04_01","diag_mp_ashNotify_arenas_victoryStomp_04_01_3p",0,"#HOST_ARENAS","TEAM_MILITIA",false,"","They couldn't land a single blow. Some might call you untouchable.","MATCH_STOMP"
"Host_Arenas_Stomp_05_01","diag_mp_ashNotify_arenas_victoryStomp_05_01_3p",0,"#HOST_ARENAS","TEAM_MILITIA",false,"","I've seen veteran Pilots struggle more than you. Well done.","MATCH_STOMP"
"Host_Arenas_Stomp_05_02","diag_mp_ashNotify_arenas_victoryStomp_05_02_3p",0,"#HOST_ARENAS","TEAM_MILITIA",false,"","I've seen veteran Pilots struggle more than you. Well done.","MATCH_STOMP"
"Host_Arenas_Stomp_06_01","diag_mp_ashNotify_arenas_victoryStomp_06_01_3p",0,"#HOST_ARENAS","TEAM_MILITIA",false,"","Such decisive victories are rare. But can you repeat your performance?","MATCH_STOMP"
"Host_Arenas_Stomp_06_02","diag_mp_ashNotify_arenas_victoryStomp_06_02_3p",0,"#HOST_ARENAS","TEAM_MILITIA",false,"","Such decisive victories are rare. But can you repeat your performance?","MATCH_STOMP"
"Host_Arenas_Comeback_01_01","diag_mp_ashNotify_arenas_comeback_01_01_3p",0,"#HOST_ARENAS","TEAM_MILITIA",false,"","You have removed their advantage. Well done.","MATCH_COMEBACK"
"Host_Arenas_Comeback_01_02","diag_mp_ashNotify_arenas_comeback_01_02_3p",0,"#HOST_ARENAS","TEAM_MILITIA",false,"","You have removed their advantage. Well done.","MATCH_COMEBACK"
"Host_Arenas_Comeback_02_01","diag_mp_ashNotify_arenas_comeback_02_01_3p",0,"#HOST_ARENAS","TEAM_MILITIA",false,"","The advantage is no longer theirs.","MATCH_COMEBACK"
"Host_Arenas_Comeback_02_02","diag_mp_ashNotify_arenas_comeback_02_02_3p",0,"#HOST_ARENAS","TEAM_MILITIA",false,"","The advantage is no longer theirs.","MATCH_COMEBACK"
"Host_Arenas_Comeback_03_01","diag_mp_ashNotify_arenas_comeback_03_01_3p",0,"#HOST_ARENAS","TEAM_MILITIA",false,"","They believed you were beaten. A clear misconception.","MATCH_COMEBACK"
"Host_Arenas_Comeback_03_02","diag_mp_ashNotify_arenas_comeback_03_02_3p",0,"#HOST_ARENAS","TEAM_MILITIA",false,"","They believed you were beaten. A clear misconception.","MATCH_COMEBACK"
"Host_Arenas_Comeback_04_01","diag_mp_ashNotify_arenas_comeback_04_01_3p",0,"#HOST_ARENAS","TEAM_MILITIA",false,"","You made yourself appear weak. A clever strategy.","MATCH_COMEBACK"
"Host_Arenas_Comeback_04_02","diag_mp_ashNotify_arenas_comeback_04_02_3p",0,"#HOST_ARENAS","TEAM_MILITIA",false,"","You made yourself appear weak. A clever strategy.","MATCH_COMEBACK"
"Host_Arenas_Comeback_05_01","diag_mp_ashNotify_arenas_victoryComeback_05_01_3p",0,"#HOST_ARENAS","TEAM_MILITIA",false,"","Impressive comeback. You were toying with your prey.","MATCH_COMEBACK"
"Host_Arenas_Comeback_05_02","diag_mp_ashNotify_arenas_victoryComeback_05_02_3p",0,"#HOST_ARENAS","TEAM_MILITIA",false,"","Impressive comeback. You were toying with your prey.","MATCH_COMEBACK"
"Host_Arenas_Comeback_06_01","diag_mp_ashNotify_arenas_victoryComeback_06_01_3p",0,"#HOST_ARENAS","TEAM_MILITIA",false,"","Quite the comeback. Perhaps you planned this from the start.","MATCH_COMEBACK"
"Host_Arenas_Comeback_06_02","diag_mp_ashNotify_arenas_victoryComeback_06_02_3p",0,"#HOST_ARENAS","TEAM_MILITIA",false,"","Quite the comeback. Perhaps you planned this from the start.","MATCH_COMEBACK"
"Host_Arenas_Comeback_07_01","diag_mp_ashNotify_arenas_victoryComeback_07_01_3p",0,"#HOST_ARENAS","TEAM_MILITIA",false,"","A comeback. You were holding back before.","MATCH_COMEBACK"
"Host_Arenas_Comeback_08_01","diag_mp_ashNotify_arenas_victoryComeback_08_01_3p",0,"#HOST_ARENAS","TEAM_MILITIA",false,"","You've staged a comeback. Or you were having too much fun.","MATCH_COMEBACK"
"Host_Arenas_Comeback_08_02","diag_mp_ashNotify_arenas_victoryComeback_08_02_3p",0,"#HOST_ARENAS","TEAM_MILITIA",false,"","You've staged a comeback. Or you were having too much fun.","MATCH_COMEBACK"
"Host_Arenas_Shutout_01_01","diag_mp_ashNotify_arenas_victoryShutout_01_01_3p",0,"#HOST_ARENAS","TEAM_MILITIA",false,"","","MATCH_SHUTOUT"
"Host_Arenas_Shutout_01_02","diag_mp_ashNotify_arenas_victoryShutout_01_02_3p",0,"#HOST_ARENAS","TEAM_MILITIA",false,"","","MATCH_SHUTOUT"
"Host_Arenas_Shutout_02_01","diag_mp_ashNotify_arenas_victoryShutout_02_01_3p",0,"#HOST_ARENAS","TEAM_MILITIA",false,"","","MATCH_SHUTOUT"
"Host_Arenas_Shutout_02_02","diag_mp_ashNotify_arenas_victoryShutout_02_02_3p",0,"#HOST_ARENAS","TEAM_MILITIA",false,"","","MATCH_SHUTOUT"
"Host_Arenas_Shutout_05_01","diag_mp_ashNotify_arenas_victoryShutout_05_01_3p",0,"#HOST_ARENAS","TEAM_MILITIA",false,"","A shutout. It seems you are in need of worthy adversaries.","MATCH_SHUTOUT"
"Host_Arenas_Shutout_05_02","diag_mp_ashNotify_arenas_victoryShutout_05_02_3p",0,"#HOST_ARENAS","TEAM_MILITIA",false,"","A shutout. It seems you are in need of worthy adversaries.","MATCH_SHUTOUT"
"Host_Arenas_Shutout_06_01","diag_mp_ashNotify_arenas_victoryShutout_06_01_3p",0,"#HOST_ARENAS","TEAM_MILITIA",false,"","Not a single loss. You are no mere fighter.","MATCH_SHUTOUT"
"Host_Arenas_Shutout_06_02","diag_mp_ashNotify_arenas_victoryShutout_06_02_3p",0,"#HOST_ARENAS","TEAM_MILITIA",false,"","Not a single loss. You are no mere fighter.","MATCH_SHUTOUT"
"Host_Arenas_IntroChampion_11","diag_mp_ashNotify_arenas_introChampion_11_01_3p",10,"#HOST_ARENAS","TEAM_MILITIA",false,"","New Arenas Champion Lines Added for S25.0","INTRO_CHAMPION_CARD"
"Host_Arenas_IntroChampion_12","diag_mp_ashNotify_arenas_introChampion_12_01_3p",10,"#HOST_ARENAS","TEAM_MILITIA",false,"","New Arenas Champion Lines Added for S25.0","INTRO_CHAMPION_CARD"
"Host_Arenas_IntroChampion_13","diag_mp_ashNotify_arenas_introChampion_13_01_3p",10,"#HOST_ARENAS","TEAM_MILITIA",false,"","New Arenas Champion Lines Added for S25.0","INTRO_CHAMPION_CARD"
"Host_Arenas_IntroChampion_14","diag_mp_ashNotify_arenas_introChampion_14_01_3p",10,"#HOST_ARENAS","TEAM_MILITIA",false,"","New Arenas Champion Lines Added for S25.0","INTRO_CHAMPION_CARD"
"Host_Arenas_IntroChampion_15","diag_mp_ashNotify_arenas_introChampion_15_01_3p",10,"#HOST_ARENAS","TEAM_MILITIA",false,"","New Arenas Champion Lines Added for S25.0","INTRO_CHAMPION_CARD"
"Host_Arenas_IntroChampion_16","diag_mp_ashNotify_arenas_introChampion_16_01_3p",10,"#HOST_ARENAS","TEAM_MILITIA",false,"","New Arenas Champion Lines Added for S25.0","INTRO_CHAMPION_CARD"
"Host_Arenas_IntroChampion_17","diag_mp_ashNotify_arenas_introChampion_17_01_3p",10,"#HOST_ARENAS","TEAM_MILITIA",false,"","New Arenas Champion Lines Added for S25.0","INTRO_CHAMPION_CARD"
"Host_Arenas_IntroChampion_18","diag_mp_ashNotify_arenas_introChampion_18_01_3p",10,"#HOST_ARENAS","TEAM_MILITIA",false,"","New Arenas Champion Lines Added for S25.0","INTRO_CHAMPION_CARD"
"Host_Arenas_IntroChampion_19","diag_mp_ashNotify_arenas_introChampion_19_01_3p",10,"#HOST_ARENAS","TEAM_MILITIA",false,"","New Arenas Champion Lines Added for S25.0","INTRO_CHAMPION_CARD"
"Host_Arenas_IntroChampion_20","diag_mp_ashNotify_arenas_introChampion_20_01_3p",10,"#HOST_ARENAS","TEAM_MILITIA",false,"","New Arenas Champion Lines Added for S25.0","INTRO_CHAMPION_CARD"
string,string,int,string,string,bool,asset_noprecache,string,string
