weaponTab,weaponRef,discountable
"#ARENAS_SHOP_WEAPON_TAB1_V2",,false
,mp_weapon_shotgun_pistol,false
,mp_weapon_shotgun_pistol_akimbo_whiteset,false
,mp_weapon_semipistol,false
,mp_weapon_semipistol_akimbo_whiteset,false
,mp_weapon_autopistol,true
,mp_weapon_wingman,true
,mp_weapon_shotgun,true
,mp_weapon_mastiff,true
,mp_weapon_energy_shotgun,true
"#ARENAS_SHOP_WEAPON_TAB2_V2",,false
,mp_weapon_alternator_smg,true
,mp_weapon_volt_smg,true
,mp_weapon_r97,false
,mp_weapon_pdw,true
,mp_weapon_car,true
,mp_weapon_vinson,false
,mp_weapon_energy_ar,true
,mp_weapon_hemlok,true
,mp_weapon_rspn101,false
,mp_weapon_nemesis,true
"#ARENAS_SHOP_WEAPON_TAB3_V2",,false
,mp_weapon_lmg,true
,mp_weapon_lstar,false
,mp_weapon_esaw,true
,mp_weapon_dragon_lmg,true
,mp_weapon_bow,true
,mp_weapon_dmr,true
,mp_weapon_g2,true
,mp_weapon_3030,true
,mp_weapon_doubletake,true
,mp_weapon_sentinel,true
,mp_weapon_defender,true
string,string,bool
