weaponRef,startingAmmo,cost,attachments,availableOptics,defaultOptic
mp_weapon_shotgun_pistol,48,0,,,
mp_weapon_shotgun_pistol_whiteset,48,100,,optic_cq_hcog_classic,
mp_weapon_shotgun_pistol_blueset,48,200,,optic_cq_hcog_bruiser optic_cq_holosight_variable,
mp_weapon_shotgun_pistol_purpleset,48,400,,,
mp_weapon_shotgun_pistol_akimbo_whiteset,96,500,,optic_cq_hcog_classic,
mp_weapon_shotgun_pistol_akimbo_blueset,96,300,,,
mp_weapon_shotgun_pistol_akimbo_purpleset,96,400,,,
mp_weapon_semipistol,120,0,,,
mp_weapon_semipistol_whiteset,120,100,,optic_cq_hcog_classic,
mp_weapon_semipistol_blueset,120,200,,optic_cq_hcog_bruiser optic_cq_holosight_variable,
mp_weapon_semipistol_purpleset,120,400,,,
mp_weapon_semipistol_akimbo_whiteset,240,500,,optic_cq_hcog_classic,
mp_weapon_semipistol_akimbo_blueset,240,300,,,
mp_weapon_semipistol_akimbo_purpleset,240,400,,,
mp_weapon_autopistol,180,200,,,
mp_weapon_autopistol_whiteset,180,100,,optic_cq_hcog_classic,
mp_weapon_autopistol_blueset,180,200,,optic_cq_hcog_bruiser optic_cq_holosight_variable,
mp_weapon_autopistol_purpleset,180,400,,,
mp_weapon_wingman,60,500,,,
mp_weapon_wingman_whiteset,60,100,,optic_cq_hcog_classic,
mp_weapon_wingman_blueset,60,300,,optic_cq_hcog_bruiser optic_cq_holosight_variable,
mp_weapon_wingman_purpleset,60,300,,,
mp_weapon_shotgun,64,400,,,
mp_weapon_shotgun_whiteset,64,200,,optic_cq_hcog_classic,
mp_weapon_shotgun_blueset,64,200,,optic_cq_hcog_bruiser optic_cq_holosight_variable,
mp_weapon_shotgun_purpleset,64,400,,,
mp_weapon_alternator_smg,240,400,,,
mp_weapon_alternator_smg_whiteset,240,200,,optic_cq_hcog_classic,
mp_weapon_alternator_smg_blueset,240,200,,optic_cq_hcog_bruiser optic_cq_holosight_variable,
mp_weapon_alternator_smg_purpleset,240,400,,,
mp_weapon_mastiff,64,400,,,
mp_weapon_mastiff_whiteset,64,200,,optic_cq_hcog_classic,
mp_weapon_mastiff_blueset,64,200,,optic_cq_hcog_bruiser optic_cq_holosight_variable,
mp_weapon_mastiff_purpleset,64,400,,,
mp_weapon_energy_shotgun,64,400,,,
mp_weapon_energy_shotgun_whiteset,64,200,,optic_cq_hcog_classic,
mp_weapon_energy_shotgun_blueset,64,200,,optic_cq_hcog_bruiser optic_cq_holosight_variable,
mp_weapon_energy_shotgun_purpleset,64,400,,,
mp_weapon_volt_smg,240,500,,,
mp_weapon_volt_smg_whiteset,240,200,,optic_cq_hcog_classic,
mp_weapon_volt_smg_blueset,240,300,,optic_cq_hcog_bruiser optic_cq_holosight_variable,
mp_weapon_volt_smg_purpleset,240,400,,,
mp_weapon_pdw,240,400,,,
mp_weapon_pdw_whiteset,240,200,,optic_cq_hcog_classic,
mp_weapon_pdw_blueset,240,200,,optic_cq_hcog_bruiser optic_cq_holosight_variable,
mp_weapon_pdw_purpleset,240,400,,,
mp_weapon_r97,240,500,,,
mp_weapon_r97_whiteset,240,200,,optic_cq_hcog_classic,
mp_weapon_r97_blueset,240,300,,optic_cq_hcog_bruiser optic_cq_holosight_variable,
mp_weapon_r97_purpleset,240,400,,,
mp_weapon_car,240,400,,,
mp_weapon_car_whiteset,240,100,,optic_cq_hcog_classic,
mp_weapon_car_blueset,240,200,,optic_cq_hcog_bruiser optic_cq_holosight_variable,
mp_weapon_car_purpleset,240,400,,,
mp_weapon_lmg,300,500,,,
mp_weapon_lmg_whiteset,300,200,,optic_cq_hcog_classic,
mp_weapon_lmg_blueset,300,300,,optic_cq_hcog_bruiser optic_cq_holosight_variable,
mp_weapon_lmg_purpleset,300,400,,optic_ranged_hcog optic_ranged_aog_variable,
mp_weapon_esaw,300,500,,,
mp_weapon_esaw_whiteset,300,300,,optic_cq_hcog_classic,
mp_weapon_esaw_blueset,300,300,,optic_cq_hcog_bruiser optic_cq_holosight_variable,
mp_weapon_esaw_purpleset,300,500,,optic_ranged_hcog optic_ranged_aog_variable,
mp_weapon_lstar,240,500,,,
mp_weapon_lstar_whiteset,240,300,,optic_cq_hcog_classic,
mp_weapon_lstar_blueset,240,300,,optic_cq_hcog_bruiser optic_cq_holosight_variable,
mp_weapon_lstar_purpleset,240,500,,optic_ranged_hcog optic_ranged_aog_variable,
mp_weapon_dragon_lmg,300,500,,,
mp_weapon_dragon_lmg_whiteset,300,200,,optic_cq_hcog_classic,
mp_weapon_dragon_lmg_blueset,300,300,,optic_cq_hcog_bruiser optic_cq_holosight_variable,
mp_weapon_dragon_lmg_purpleset,300,400,,optic_ranged_hcog optic_ranged_aog_variable,
mp_weapon_energy_ar,240,400,,,
mp_weapon_energy_ar_whiteset,240,300,,optic_cq_hcog_classic,
mp_weapon_energy_ar_blueset,240,300,,optic_cq_hcog_bruiser optic_cq_holosight_variable,
mp_weapon_energy_ar_purpleset,240,400,,optic_ranged_hcog optic_ranged_aog_variable,
mp_weapon_vinson,240,500,,,
mp_weapon_vinson_whiteset,240,300,,optic_cq_hcog_classic,
mp_weapon_vinson_blueset,240,300,,optic_cq_hcog_bruiser optic_cq_holosight_variable,
mp_weapon_vinson_purpleset,240,500,,optic_ranged_hcog optic_ranged_aog_variable,
mp_weapon_hemlok,240,400,,,
mp_weapon_hemlok_whiteset,240,300,,optic_cq_hcog_classic,
mp_weapon_hemlok_blueset,240,300,,optic_cq_hcog_bruiser optic_cq_holosight_variable,
mp_weapon_hemlok_purpleset,240,400,,optic_ranged_hcog optic_ranged_aog_variable,
mp_weapon_rspn101,240,500,,,
mp_weapon_rspn101_whiteset,240,300,,optic_cq_hcog_classic,
mp_weapon_rspn101_blueset,240,300,,optic_cq_hcog_bruiser optic_cq_holosight_variable,
mp_weapon_rspn101_purpleset,240,500,,optic_ranged_hcog optic_ranged_aog_variable,
mp_weapon_nemesis,240,500,,,
mp_weapon_nemesis_whiteset,240,300,,optic_cq_hcog_classic,
mp_weapon_nemesis_blueset,240,300,,optic_cq_hcog_bruiser optic_cq_holosight_variable,
mp_weapon_nemesis_purpleset,240,500,,optic_ranged_hcog optic_ranged_aog_variable,
mp_weapon_g2,180,400,,optic_cq_hcog_classic,
mp_weapon_g2_whiteset,180,200,,optic_cq_hcog_bruiser optic_cq_holosight_variable,optic_cq_hcog_bruiser
mp_weapon_g2_blueset,180,200,,optic_ranged_hcog optic_ranged_aog_variable,optic_ranged_aog_variable
mp_weapon_g2_purpleset,180,400,,,
mp_weapon_3030,180,400,,optic_cq_hcog_classic,
mp_weapon_3030_whiteset,180,200,,optic_cq_hcog_bruiser optic_cq_holosight_variable,optic_cq_hcog_bruiser
mp_weapon_3030_blueset,180,200,,optic_ranged_hcog optic_ranged_aog_variable,optic_ranged_aog_variable
mp_weapon_3030_purpleset,180,400,,,
mp_weapon_bow,64,400,,optic_cq_hcog_classic,
mp_weapon_bow_whiteset,64,200,,optic_cq_hcog_bruiser optic_cq_holosight_variable,optic_cq_hcog_bruiser
mp_weapon_bow_blueset,64,300,,optic_ranged_hcog,optic_ranged_hcog
mp_weapon_bow_purpleset,64,500,,,
mp_weapon_dmr,48,500,,optic_cq_hcog_classic optic_sniper,
mp_weapon_dmr_whiteset,48,200,,optic_cq_hcog_bruiser optic_cq_holosight_variable,
mp_weapon_dmr_blueset,48,300,,optic_ranged_hcog optic_ranged_aog_variable,
mp_weapon_dmr_purpleset,48,400,,optic_sniper_variable optic_sniper_threat,
mp_weapon_sentinel,48,600,,optic_cq_hcog_classic optic_sniper,
mp_weapon_sentinel_whiteset,48,200,,optic_cq_hcog_bruiser optic_cq_holosight_variable,
mp_weapon_sentinel_blueset,48,300,,optic_ranged_hcog optic_ranged_aog_variable,
mp_weapon_sentinel_purpleset,48,500,,optic_sniper_variable optic_sniper_threat,
mp_weapon_doubletake,144,400,,optic_cq_hcog_classic,optic_cq_hcog_classic
mp_weapon_doubletake_whiteset,144,200,,optic_cq_hcog_bruiser optic_cq_holosight_variable,
mp_weapon_doubletake_blueset,144,300,,optic_ranged_hcog optic_ranged_aog_variable,
mp_weapon_doubletake_purpleset,144,500,,,
mp_weapon_defender,64,600,,optic_cq_hcog_classic optic_sniper,
mp_weapon_defender_whiteset,64,200,,optic_cq_hcog_bruiser optic_cq_holosight_variable,
mp_weapon_defender_blueset,64,300,,optic_ranged_hcog optic_ranged_aog_variable,
mp_weapon_defender_purpleset,64,500,,optic_sniper_variable optic_sniper_threat,
string,int,int,string,string,string
