origin,angles,info
"< 0, 0, 0 >","< 0, 0, 0>" ,"pakData.playlist:fs_scenarios"
"< 0, 0, 0 >","< 0, 0, 0>" ,"pakData.map:mp_rr_district_mu1"
"< 0, 0, 0 >","< 0, 0, 0>" ,"pakData.spawnsCount:80"
"< 0, 0, 0 >","< 0, 0, 0>" ,"pakData.teamCount:2"
"< -26154.0, -11676.0, 5788.0>","< 0, 22.6, 0>" ,"navgen_0_team0"
"< -24106.7, -10824.0, 5788.0>","< 0, -157.4, 0>" ,"navgen_0_team1"
"< -36332.0, 9950.0, 5860.0>","< 0, -106.4, 0>" ,"navgen_1_team0"
"< -36842.0, 8220.0, 5854.0>","< 0, 73.6, 0>" ,"navgen_1_team1"
"< -24920.0, 5024.0, 5296.0>","< 0, -175.0, 0>" ,"navgen_2_team0"
"< -27216.0, 4822.0, 5262.0>","< 0, 5.0, 0>" ,"navgen_2_team1"
"< 9202.7, 18530.7, 6416.0>","< 0, 68.0, 0>" ,"navgen_3_team0"
"< 10126.4, 20814.4, 6416.0>","< 0, -112.0, 0>" ,"navgen_3_team1"
"< 17349.3, -29453.3, 6348.0>","< 0, -31.9, 0>" ,"navgen_4_team0"
"< 18724.0, -30308.0, 6293.0>","< 0, 148.1, 0>" ,"navgen_4_team1"
"< 2440.0, -11832.0, 6293.0>","< 0, 131.1, 0>" ,"navgen_5_team0"
"< 806.4, -9961.6, 6397.6>","< 0, -48.9, 0>" ,"navgen_5_team1"
"< -17141.3, -26501.3, 6045.3>","< 0, -72.8, 0>" ,"navgen_6_team0"
"< -16544.0, -28432.0, 6176.0>","< 0, 107.2, 0>" ,"navgen_6_team1"
"< -20680.0, -1989.3, 6436.0>","< 0, 135.5, 0>" ,"navgen_7_team0"
"< -22444.0, -257.3, 6300.0>","< 0, -44.5, 0>" ,"navgen_7_team1"
"< -34904.0, -14442.0, 4900.0>","< 0, -59.7, 0>" ,"navgen_8_team0"
"< -33878.4, -16196.8, 4900.0>","< 0, 120.3, 0>" ,"navgen_8_team1"
"< -4212.0, 19902.7, 5124.0>","< 0, 144.1, 0>" ,"navgen_9_team0"
"< -6172.0, 21320.0, 5124.0>","< 0, -35.9, 0>" ,"navgen_9_team1"
"< 10121.6, 14678.4, 6792.0>","< 0, -0.5, 0>" ,"navgen_10_team0"
"< 12052.8, 14660.8, 6792.0>","< 0, 179.5, 0>" ,"navgen_10_team1"
"< 25112.0, 4592.0, 6796.0>","< 0, -87.3, 0>" ,"navgen_11_team0"
"< 25233.6, 2027.2, 6794.4>","< 0, 92.7, 0>" ,"navgen_11_team1"
"< -230.0, 21414.0, 5372.0>","< 0, 40.5, 0>" ,"navgen_12_team0"
"< 1008.0, 22472.0, 5374.7>","< 0, -139.5, 0>" ,"navgen_12_team1"
"< -12170.0, 5806.0, 6280.0>","< 0, -75.0, 0>" ,"navgen_13_team0"
"< -11506.7, 3325.3, 6274.7>","< 0, 105.0, 0>" ,"navgen_13_team1"
"< -17469.3, 26709.3, 4999.3>","< 0, -96.0, 0>" ,"navgen_14_team0"
"< -17678.0, 24710.0, 5000.0>","< 0, 84.0, 0>" ,"navgen_14_team1"
"< 9788.0, 10494.0, 6388.0>","< 0, 74.4, 0>" ,"navgen_15_team0"
"< 10456.0, 12890.7, 6388.0>","< 0, -105.6, 0>" ,"navgen_15_team1"
"< 19084.8, 3601.6, 6528.8>","< 0, 75.1, 0>" ,"navgen_16_team0"
"< 19704.0, 5928.0, 6428.0>","< 0, -104.9, 0>" ,"navgen_16_team1"
"< -15124.8, 28628.8, 5265.6>","< 0, 8.2, 0>" ,"navgen_17_team0"
"< -13208.0, 28906.0, 5256.0>","< 0, -171.8, 0>" ,"navgen_17_team1"
"< -14756.8, 17576.0, 5270.4>","< 0, 53.2, 0>" ,"navgen_18_team0"
"< -13772.0, 18894.7, 5272.0>","< 0, -126.8, 0>" ,"navgen_18_team1"
"< -1424.0, -972.0, 5764.0>","< 0, -118.9, 0>" ,"navgen_19_team0"
"< -2392.0, -2728.0, 5892.8>","< 0, 61.1, 0>" ,"navgen_19_team1"
"< -206.7, 269.3, 6276.0>","< 0, 2.5, 0>" ,"navgen_20_team0"
"< 1589.3, 346.7, 6276.0>","< 0, -177.5, 0>" ,"navgen_20_team1"
"< 12474.7, 10952.0, 6604.0>","< 0, 1.0, 0>" ,"navgen_21_team0"
"< 14930.7, 10994.7, 6792.0>","< 0, -179.0, 0>" ,"navgen_21_team1"
"< 14604.0, 1400.0, 5912.0>","< 0, 74.8, 0>" ,"navgen_22_team0"
"< 15268.0, 3838.0, 5912.0>","< 0, -105.2, 0>" ,"navgen_22_team1"
"< -27545.3, -21220.0, 4884.0>","< 0, -108.3, 0>" ,"navgen_23_team0"
"< -28211.2, -23235.2, 4888.0>","< 0, 71.7, 0>" ,"navgen_23_team1"
"< -12182.4, -24417.6, 5768.0>","< 0, -54.6, 0>" ,"navgen_24_team0"
"< -10754.0, -26430.0, 5768.0>","< 0, 125.4, 0>" ,"navgen_24_team1"
"< -2036.0, 27362.0, 4896.0>","< 0, -116.7, 0>" ,"navgen_25_team0"
"< -2770.7, 25898.7, 4893.3>","< 0, 63.3, 0>" ,"navgen_25_team1"
"< 11424.0, -23428.0, 6024.0>","< 0, -4.0, 0>" ,"navgen_26_team0"
"< 13886.4, -23598.4, 6024.0>","< 0, 176.0, 0>" ,"navgen_26_team1"
"< -6027.2, -25825.6, 5768.0>","< 0, -179.7, 0>" ,"navgen_27_team0"
"< -7956.0, -25836.0, 5768.0>","< 0, 0.3, 0>" ,"navgen_27_team1"
"< -26971.2, 12035.2, 5282.4>","< 0, -47.9, 0>" ,"navgen_28_team0"
"< -25356.8, 10249.6, 5260.0>","< 0, 132.1, 0>" ,"navgen_28_team1"
"< -7179.2, 368.0, 6487.2>","< 0, -17.6, 0>" ,"navgen_29_team0"
"< -5440.0, -184.0, 6485.3>","< 0, 162.4, 0>" ,"navgen_29_team1"
"< -4490.7, 32120.0, 4885.3>","< 0, -88.0, 0>" ,"navgen_30_team0"
"< -4416.0, 29956.8, 4896.0>","< 0, 92.0, 0>" ,"navgen_30_team1"
"< -25100.0, -31689.3, 5792.0>","< 0, 49.6, 0>" ,"navgen_31_team0"
"< -23450.7, -29754.7, 5789.3>","< 0, -130.4, 0>" ,"navgen_31_team1"
"< -11736.0, -17098.7, 6300.0>","< 0, 77.9, 0>" ,"navgen_32_team0"
"< -11291.2, -15032.0, 6300.0>","< 0, -102.1, 0>" ,"navgen_32_team1"
"< -31826.7, -13125.3, 4901.3>","< 0, -61.0, 0>" ,"navgen_33_team0"
"< -30653.3, -15238.7, 4772.0>","< 0, 119.0, 0>" ,"navgen_33_team1"
"< -17352.0, -10530.7, 5788.0>","< 0, 162.5, 0>" ,"navgen_34_team0"
"< -19536.0, -9840.0, 5788.0>","< 0, -17.5, 0>" ,"navgen_34_team1"
"< -17544.0, -1058.0, 5778.0>","< 0, -113.7, 0>" ,"navgen_35_team0"
"< -18452.0, -3130.0, 5772.0>","< 0, 66.3, 0>" ,"navgen_35_team1"
"< 5144.0, 26004.0, 6668.0>","< 0, -26.9, 0>" ,"navgen_36_team0"
"< 7400.0, 24861.3, 6792.0>","< 0, 153.1, 0>" ,"navgen_36_team1"
"< 6618.0, 9974.0, 6796.0>","< 0, 5.0, 0>" ,"navgen_37_team0"
"< 8984.0, 10180.0, 6608.0>","< 0, -175.0, 0>" ,"navgen_37_team1"
"< 14166.0, 17318.0, 6820.0>","< 0, 15.3, 0>" ,"navgen_38_team0"
"< 16094.7, 17846.7, 6800.0>","< 0, -164.7, 0>" ,"navgen_38_team1"
"< -32190.0, 19880.0, 5020.0>","< 0, -86.6, 0>" ,"navgen_39_team0"
"< -32056.0, 17600.0, 5020.0>","< 0, 93.4, 0>" ,"navgen_39_team1"
vector,vector,string
